and,are,artificial,changing,communication,for,important,intelligence,is,language,learning,machine,machines,natural,of,part,processing,the,with,world
0.0,0.0,0.31331606888920593,0.0,0.0,0.0,0.0,0.31331606888920593,0.31331606888920593,0.31331606888920593,0.0,0.0,0.0,0.31331606888920593,0.4119729784338903,0.4119729784338903,0.4119729784338903,0.0,0.0,0.0
0.3501387057719138,0.3501387057719138,0.2662895107233706,0.3501387057719138,0.0,0.0,0.0,0.2662895107233706,0.0,0.0,0.3501387057719138,0.3501387057719138,0.0,0.0,0.0,0.0,0.0,0.3501387057719138,0.0,0.3501387057719138
0.0,0.0,0.0,0.0,0.38532288602703124,0.38532288602703124,0.38532288602703124,0.0,0.2930479866955796,0.2930479866955796,0.0,0.0,0.38532288602703124,0.2930479866955796,0.0,0.0,0.0,0.0,0.38532288602703124,0.0
